1 adam ziebe 26 adam@adam.com 23242526 true true false
3 john jensen 98 john@jensen 27266554 true true false
4 morten pallesen 64 morten@morten.dk 6556854 true true false
5 ole olsen 14 ole@ole.dk 54643456 true false false
6 bob hansen 43 bob@bob.dk 54345654 true false false
7 Allan Olsen 54 allan@olsen 43567546 true true false
8 Tonny Carlsen 23 tn@mail.dk 3040404 true true false
9 bob hansen 56 bob@hansen 23242123 true false false